{
  "project_info": {
    "project_number": "412098308750",
    "project_id": "i-m-nurse",
    "storage_bucket": "i-m-nurse.appspot.com"
  },
  "client": [
    {
      "client_info": {
        "mobilesdk_app_id": "1:412098308750:android:e4d9a46f1e7195753577df",
        "android_client_info": {
          "package_name": "com.example.findnurse"
        }
      },
      "oauth_client": [
        {
          "client_id": "412098308750-dnore7p5lb0j5lr3qsg71iusbne1ogfs.apps.googleusercontent.com",
          "client_type": 1,
          "android_info": {
            "package_name": "com.example.findnurse",
            "certificate_hash": "a0a7f7992fcca0314d3ef0013976bdbf088ea343"
          }
        },
        {
          "client_id": "412098308750-j8fmndumdjeig79c48o1pqt732li335o.apps.googleusercontent.com",
          "client_type": 3
        }
      ],
      "api_key": [
        {
          "current_key": "AIzaSyDdqWMxlRpDY9AxkPrhB2KBqYyu_gT708k"
        }
      ],
      "services": {
        "appinvite_service": {
          "other_platform_oauth_client": [
            {
              "client_id": "412098308750-j8fmndumdjeig79c48o1pqt732li335o.apps.googleusercontent.com",
              "client_type": 3
            }
          ]
        }
      }
    },
    {
      "client_info": {
        "mobilesdk_app_id": "1:412098308750:android:fc8eaea8d2a40d703577df",
        "android_client_info": {
          "package_name": "com.example.imnurse"
        }
      },
      "oauth_client": [
        {
          "client_id": "412098308750-h13ng77i55485e5j7lrm0r3n91d360pd.apps.googleusercontent.com",
          "client_type": 1,
          "android_info": {
            "package_name": "com.example.imnurse",
            "certificate_hash": "a0a7f7992fcca0314d3ef0013976bdbf088ea343"
          }
        },
        {
          "client_id": "412098308750-j8fmndumdjeig79c48o1pqt732li335o.apps.googleusercontent.com",
          "client_type": 3
        }
      ],
      "api_key": [
        {
          "current_key": "AIzaSyDdqWMxlRpDY9AxkPrhB2KBqYyu_gT708k"
        }
      ],
      "services": {
        "appinvite_service": {
          "other_platform_oauth_client": [
            {
              "client_id": "412098308750-j8fmndumdjeig79c48o1pqt732li335o.apps.googleusercontent.com",
              "client_type": 3
            }
          ]
        }
      }
    }
  ],
  "configuration_version": "1"
}